method,mean_accuracy,std_accuracy
variance_k2000,0.9949999999999999,0.007288689868556642
mutual_information,0.9974999999999999,0.003061862178478962
lasso_l1,0.9974999999999999,0.003061862178478962
